"","Sample.unit","y"
"1","footprint",1.58952550488624
"2","individual",2.39492551210151
"3","leaf",0.488609394426918
"4","plot/collar",-0.512798570357271
