"","Sample.unit","y"
"1","footprint",1.37194816426884
"2","individual",2.39916055221292
"3","leaf",0.366423696492148
"4","plot/collar",-0.4212654403957
